SEASON_ID,Player_ID,Game_ID,GAME_DATE,MATCHUP,WL,MIN,FGM,FGA,FG_PCT,FG3M,FG3A,FG3_PCT,FTM,FTA,FT_PCT,OREB,DREB,REB,AST,STL,BLK,TOV,PF,PTS,PLUS_MINUS,VIDEO_AVAILABLE,WIN,HOME,AVG_PTS_LAST_5
22020,2544,22000075,2021-01-01,LAL @ SAS,W,36,8,22,0.364,3,7,0.429,7,7,1.0,1,10,11,10,2,0,4,0,26,18,1,1,0,24.2
22020,2544,22000087,2021-01-03,LAL @ MEM,W,32,9,16,0.563,3,6,0.5,1,3,0.333,0,13,13,8,1,0,2,2,22,19,1,1,0,24.2
22020,2544,22000103,2021-01-05,LAL @ MEM,W,34,11,20,0.55,1,4,0.25,3,3,1.0,2,10,12,7,1,1,6,0,26,20,1,1,0,25.8
22020,2544,22000121,2021-01-07,LAL vs. SAS,L,35,8,15,0.533,4,7,0.571,7,11,0.636,0,6,6,12,0,0,4,3,27,-10,1,0,1,25.4
22020,2544,22000131,2021-01-08,LAL vs. CHI,W,34,11,21,0.524,0,5,0.0,6,8,0.75,0,7,7,7,0,0,4,1,28,9,1,1,1,25.8
22020,2544,22000146,2021-01-10,LAL @ HOU,W,30,7,15,0.467,1,6,0.167,3,6,0.5,1,6,7,7,1,1,2,2,18,10,1,1,0,24.2
22020,2544,22000161,2021-01-12,LAL @ HOU,W,29,10,20,0.5,4,9,0.444,2,4,0.5,1,7,8,5,0,1,5,0,26,15,1,1,0,25.0
22020,2544,22000170,2021-01-13,LAL @ OKC,W,27,9,20,0.45,5,8,0.625,3,4,0.75,0,6,6,7,0,0,2,2,26,14,1,1,0,25.0
22020,2544,22000187,2021-01-15,LAL vs. NOP,W,31,6,11,0.545,2,6,0.333,7,7,1.0,1,7,8,11,1,0,3,3,21,14,1,1,1,23.8
22020,2544,22000212,2021-01-18,LAL vs. GSW,L,38,6,16,0.375,2,7,0.286,5,8,0.625,0,5,5,5,1,0,5,1,19,-9,1,0,1,22.0
22020,2544,22000226,2021-01-21,LAL @ MIL,W,38,13,25,0.52,6,10,0.6,2,2,1.0,1,5,6,8,1,1,3,2,34,15,1,1,0,25.2
22020,2544,22000245,2021-01-23,LAL @ CHI,W,29,6,16,0.375,0,2,0.0,5,8,0.625,0,11,11,6,2,0,6,1,17,9,1,1,0,23.4
22020,2544,22000261,2021-01-25,LAL @ CLE,W,38,19,26,0.731,7,11,0.636,1,2,0.5,0,8,8,6,2,2,3,1,46,11,1,1,0,27.4
22020,2544,22000276,2021-01-27,LAL @ PHI,L,39,12,22,0.545,2,5,0.4,8,11,0.727,0,6,6,7,0,0,3,3,34,4,1,0,0,30.0
22020,2544,22000284,2021-01-28,LAL @ DET,L,36,8,19,0.421,4,8,0.5,2,3,0.667,2,5,7,10,1,0,2,2,22,-9,1,0,0,30.6
22020,2544,22000302,2021-01-30,LAL @ BOS,W,37,7,17,0.412,4,11,0.364,3,5,0.6,1,6,7,7,0,1,5,3,21,11,1,1,0,28.0
22020,2544,22000313,2021-02-01,LAL @ ATL,W,38,5,12,0.417,2,6,0.333,9,11,0.818,0,7,7,9,2,1,2,0,21,10,1,1,0,28.8
22020,2544,22000341,2021-02-04,LAL vs. DEN,W,35,12,19,0.632,2,5,0.4,1,2,0.5,0,10,10,10,0,1,2,1,27,21,1,1,1,25.0
22020,2544,22000361,2021-02-06,LAL vs. DET,W,46,13,26,0.5,3,7,0.429,4,6,0.667,0,5,5,11,4,0,7,3,33,8,1,1,1,24.8
22020,2544,22000374,2021-02-08,LAL vs. OKC,W,43,11,22,0.5,2,10,0.2,4,5,0.8,0,14,14,12,2,2,5,3,28,8,1,1,1,26.0
22020,2544,22000390,2021-02-10,LAL vs. OKC,W,41,9,20,0.45,3,9,0.333,4,4,1.0,0,6,6,7,2,0,5,2,25,6,1,1,1,26.8
22020,2544,22000403,2021-02-12,LAL vs. MEM,W,34,9,15,0.6,1,4,0.25,9,14,0.643,1,8,9,8,2,0,5,2,28,8,1,1,1,28.2
22020,2544,22000416,2021-02-14,LAL @ DEN,L,31,9,18,0.5,0,5,0.0,4,7,0.571,1,9,10,9,0,1,1,2,22,-17,1,0,0,27.2
22020,2544,22000431,2021-02-16,LAL @ MIN,W,38,13,20,0.65,1,4,0.25,3,4,0.75,0,13,13,7,0,1,5,1,30,4,1,1,0,26.6
22020,2544,22000446,2021-02-18,LAL vs. BKN,L,33,14,23,0.609,1,6,0.167,3,6,0.5,0,8,8,7,0,0,3,1,32,-7,1,0,1,27.4
22020,2544,22000463,2021-02-20,LAL vs. MIA,L,37,7,21,0.333,1,8,0.125,4,4,1.0,1,8,9,9,1,1,5,3,19,11,1,0,1,26.2
22020,2544,22000479,2021-02-22,LAL vs. WAS,L,43,14,29,0.483,2,10,0.2,1,3,0.333,0,9,9,13,1,0,8,2,31,3,1,0,1,26.8
22020,2544,22000497,2021-02-24,LAL @ UTA,L,28,7,13,0.538,1,5,0.2,4,5,0.8,0,4,4,4,1,0,4,0,19,-20,1,0,0,26.2
22020,2544,22000512,2021-02-26,LAL vs. POR,W,36,11,21,0.524,2,5,0.4,4,8,0.5,1,10,11,7,4,3,2,1,28,9,1,1,1,25.8
22020,2544,22000527,2021-02-28,LAL vs. GSW,W,24,7,12,0.583,3,5,0.6,2,4,0.5,2,4,6,4,2,2,2,2,19,18,1,1,1,23.2
22020,2544,22000542,2021-03-02,LAL vs. PHX,L,38,16,24,0.667,3,8,0.375,3,5,0.6,0,5,5,6,2,1,3,1,38,2,1,0,1,27.0
22020,2544,22000585,2021-03-12,LAL vs. IND,W,34,5,13,0.385,1,4,0.25,7,11,0.636,0,3,3,10,1,0,3,4,18,11,1,1,1,24.4
22020,2544,22000608,2021-03-15,LAL @ GSW,W,30,8,13,0.615,2,4,0.5,4,6,0.667,1,9,10,11,0,0,6,3,22,33,1,1,0,25.0
22020,2544,22000615,2021-03-16,LAL vs. MIN,W,31,8,14,0.571,4,7,0.571,5,5,1.0,1,11,12,12,0,1,4,0,25,0,1,1,1,24.4
22020,2544,22000630,2021-03-18,LAL vs. CHA,W,37,14,23,0.609,4,9,0.444,5,6,0.833,1,7,8,6,1,1,3,2,37,7,1,1,1,28.0
22020,2544,22000640,2021-03-20,LAL vs. ATL,L,11,3,6,0.5,1,2,0.5,3,3,1.0,0,1,1,4,0,0,1,0,10,-5,1,0,1,22.4
22020,2544,22000956,2021-04-30,LAL vs. SAC,L,32,6,12,0.5,1,5,0.2,3,5,0.6,1,7,8,7,2,1,5,1,16,5,1,0,1,22.0
22020,2544,22000974,2021-05-02,LAL vs. TOR,L,28,6,11,0.545,2,5,0.4,5,7,0.714,0,7,7,6,0,0,5,2,19,-4,1,0,1,21.4
22020,2544,22001061,2021-05-15,LAL @ IND,W,28,11,22,0.5,1,4,0.25,1,2,0.5,3,4,7,8,0,0,4,2,24,7,1,1,0,21.2
22020,2544,22001072,2021-05-16,LAL @ NOP,W,27,11,22,0.5,2,5,0.4,1,2,0.5,1,0,1,6,3,0,2,0,25,-2,1,1,0,18.8
22021,2544,22100107,2021-11-02,LAL vs. HOU,W,36,13,21,0.619,2,4,0.5,2,2,1.0,0,4,4,10,2,0,4,3,30,8,1,1,1,23.0
22021,2544,22100232,2021-11-19,LAL @ BOS,L,32,10,16,0.625,3,7,0.429,0,1,0.0,1,5,6,2,2,0,3,3,23,-4,1,0,0,22.6
22021,2544,22100249,2021-11-21,LAL @ DET,W,21,4,7,0.571,1,3,0.333,1,1,1.0,0,1,1,5,0,0,2,1,10,-15,1,1,0,20.8
22021,2544,22100268,2021-11-24,LAL @ IND,W,43,13,29,0.448,5,12,0.417,8,9,0.889,0,5,5,6,1,2,2,2,39,-3,1,1,0,23.4
22021,2544,22100291,2021-11-26,LAL vs. SAC,L,50,10,25,0.4,2,13,0.154,8,11,0.727,1,6,7,11,1,0,7,4,30,-7,1,0,1,26.4
22021,2544,22100304,2021-11-28,LAL vs. DET,W,37,12,20,0.6,4,9,0.444,5,8,0.625,0,5,5,9,2,1,2,1,33,14,1,1,1,27.0
22021,2544,22100341,2021-12-03,LAL vs. LAC,L,36,9,23,0.391,2,8,0.25,3,5,0.6,3,8,11,6,2,0,3,2,23,-5,1,0,1,27.0
22021,2544,22100365,2021-12-07,LAL vs. BOS,W,36,13,19,0.684,2,5,0.4,2,2,1.0,2,2,4,5,0,0,3,2,30,18,1,1,1,31.0
22021,2544,22100380,2021-12-09,LAL @ MEM,L,37,7,15,0.467,1,6,0.167,5,5,1.0,0,10,10,11,4,2,5,1,20,2,1,0,0,27.2
22021,2544,22100389,2021-12-10,LAL @ OKC,W,35,13,20,0.65,4,6,0.667,3,4,0.75,0,5,5,6,3,2,2,2,33,19,1,1,0,27.8
22021,2544,22100403,2021-12-12,LAL vs. ORL,W,37,12,20,0.6,3,7,0.429,3,4,0.75,1,10,11,10,0,3,6,2,30,14,1,1,1,27.2
22021,2544,22100420,2021-12-15,LAL @ DAL,W,43,9,19,0.474,4,9,0.444,2,3,0.667,0,3,3,5,1,0,2,1,24,-6,1,1,0,27.4
22021,2544,22100436,2021-12-17,LAL @ MIN,L,36,5,13,0.385,2,6,0.333,6,8,0.75,1,9,10,5,1,2,4,5,18,-11,1,0,0,25.0
22021,2544,22100448,2021-12-19,LAL @ CHI,L,39,11,21,0.524,1,7,0.143,8,11,0.727,1,13,14,6,1,2,4,5,31,-1,1,0,0,27.2
22021,2544,22100469,2021-12-21,LAL vs. PHX,L,34,13,19,0.684,2,5,0.4,6,6,1.0,0,7,7,2,2,0,2,1,34,0,1,0,1,27.4
22021,2544,22100487,2021-12-23,LAL vs. SAS,L,35,15,26,0.577,2,7,0.286,4,6,0.667,2,7,9,6,1,2,3,2,36,-23,1,0,1,28.6
22021,2544,22100491,2021-12-25,LAL vs. BKN,L,40,14,25,0.56,3,9,0.333,8,9,0.889,1,8,9,7,3,1,3,2,39,9,1,0,1,31.6
22021,2544,22100511,2021-12-28,LAL @ HOU,W,39,11,19,0.579,3,5,0.6,7,9,0.778,4,6,10,11,1,2,3,3,32,6,1,1,0,34.4
22021,2544,22100520,2021-12-29,LAL @ MEM,L,38,13,25,0.52,8,14,0.571,3,3,1.0,2,11,13,7,2,2,5,1,37,0,1,0,0,35.6
22021,2544,22100538,2021-12-31,LAL vs. POR,W,29,16,26,0.615,5,10,0.5,6,9,0.667,2,12,14,4,2,2,0,1,43,18,1,1,1,37.4
22021,2544,22100551,2022-01-02,LAL vs. MIN,W,39,7,15,0.467,3,9,0.333,9,12,0.75,0,7,7,5,3,1,1,2,26,9,1,1,1,35.4
22021,2544,22100566,2022-01-04,LAL vs. SAC,W,36,12,26,0.462,3,10,0.3,4,5,0.8,2,3,5,5,0,1,2,3,31,3,1,1,1,33.8
22021,2544,22100589,2022-01-07,LAL vs. ATL,W,37,13,24,0.542,1,6,0.167,5,5,1.0,1,7,8,9,4,3,4,4,32,4,1,1,1,33.8
22021,2544,22100606,2022-01-09,LAL vs. MEM,L,33,14,19,0.737,3,4,0.75,4,4,1.0,6,3,9,7,0,0,3,4,35,-30,1,0,1,33.4
22021,2544,22100626,2022-01-12,LAL @ SAC,L,39,13,29,0.448,3,12,0.25,5,10,0.5,1,6,7,6,0,1,1,2,34,-12,1,0,0,31.6
22021,2544,22100649,2022-01-15,LAL @ DEN,L,31,9,23,0.391,2,8,0.25,5,7,0.714,1,8,9,2,0,2,1,0,25,-17,1,0,0,31.4
22021,2544,22100665,2022-01-17,LAL vs. UTA,W,37,9,20,0.45,3,8,0.375,4,8,0.5,0,7,7,7,1,1,1,1,25,11,1,1,1,30.2
22021,2544,22100680,2022-01-19,LAL vs. IND,L,37,11,22,0.5,3,7,0.429,5,7,0.714,1,11,12,5,2,0,3,1,30,-20,1,0,1,29.8
22021,2544,22100685,2022-01-21,LAL @ ORL,W,34,12,23,0.522,2,7,0.286,3,3,1.0,1,6,7,5,1,1,6,3,29,5,1,1,0,28.6
22021,2544,22100700,2022-01-23,LAL @ MIA,L,40,12,22,0.545,1,8,0.125,8,11,0.727,2,9,11,4,2,0,3,4,33,-8,1,0,0,28.4
22021,2544,22100718,2022-01-25,LAL @ BKN,W,34,14,21,0.667,2,8,0.25,3,3,1.0,0,7,7,6,3,2,0,1,33,10,1,1,0,30.0
22021,2544,22100799,2022-02-05,LAL vs. NYK,W,40,13,24,0.542,2,7,0.286,1,2,0.5,3,10,13,10,1,0,3,3,29,12,1,1,1,30.8
22021,2544,22100822,2022-02-08,LAL vs. MIL,L,35,11,19,0.579,3,7,0.429,2,4,0.5,0,5,5,8,0,0,4,4,27,-25,1,0,1,30.2
22021,2544,22100829,2022-02-09,LAL @ POR,L,37,13,22,0.591,3,7,0.429,1,1,1.0,0,7,7,7,3,0,6,1,30,-5,1,0,0,30.4
22021,2544,22100854,2022-02-12,LAL @ GSW,L,38,9,27,0.333,3,10,0.3,5,9,0.556,3,12,15,8,0,0,4,3,26,-11,1,0,0,29.0
22021,2544,22100884,2022-02-16,LAL vs. UTA,W,40,14,23,0.609,3,8,0.375,2,2,1.0,1,7,8,6,2,0,3,1,33,7,1,1,1,29.0
22021,2544,22100904,2022-02-25,LAL vs. LAC,L,36,6,18,0.333,2,8,0.25,7,8,0.875,1,10,11,3,1,1,6,1,21,-4,1,0,1,27.4
22021,2544,22100919,2022-02-27,LAL vs. NOP,L,36,13,23,0.565,1,4,0.25,5,5,1.0,0,6,6,3,2,2,7,2,32,-22,1,0,1,28.4
22021,2544,22100931,2022-03-01,LAL vs. DAL,L,38,10,18,0.556,3,7,0.429,3,5,0.6,0,12,12,5,1,0,4,2,26,7,1,0,1,27.6
22021,2544,22100945,2022-03-03,LAL @ LAC,L,37,8,18,0.444,2,9,0.222,8,10,0.8,1,7,8,4,0,1,4,2,26,-27,1,0,0,27.6
22021,2544,22100959,2022-03-05,LAL vs. GSW,W,39,19,31,0.613,6,11,0.545,12,13,0.923,2,8,10,3,0,1,4,0,56,13,1,1,1,32.2
22021,2544,22100985,2022-03-09,LAL @ HOU,L,45,9,26,0.346,1,9,0.111,4,6,0.667,2,12,14,12,1,4,5,1,23,-17,1,0,0,32.6
22021,2544,22101004,2022-03-11,LAL vs. WAS,W,36,18,25,0.72,6,9,0.667,8,8,1.0,0,7,7,6,0,1,3,3,50,22,1,1,1,36.2
22021,2544,22101019,2022-03-13,LAL @ PHX,L,30,10,20,0.5,5,11,0.455,6,7,0.857,0,7,7,6,0,1,4,0,31,-16,1,0,0,37.2
22021,2544,22101028,2022-03-14,LAL vs. TOR,L,40,11,19,0.579,4,7,0.571,4,7,0.571,3,6,9,3,0,2,5,4,30,-21,1,0,1,38.0
22021,2544,22101039,2022-03-16,LAL @ MIN,L,37,8,21,0.381,1,8,0.125,2,5,0.4,0,5,5,4,1,2,5,5,19,-19,1,0,0,30.6
22021,2544,22101051,2022-03-18,LAL @ TOR,W,45,15,26,0.577,2,7,0.286,4,7,0.571,4,5,9,7,0,2,3,2,36,-5,1,1,0,33.2
22021,2544,22101061,2022-03-19,LAL @ WAS,L,36,16,29,0.552,4,10,0.4,2,3,0.667,2,8,10,6,0,0,2,3,38,1,1,0,0,30.8
22021,2544,22101072,2022-03-21,LAL @ CLE,W,41,17,29,0.586,0,4,0.0,4,4,1.0,1,9,10,12,1,1,3,0,38,9,1,1,0,32.2
22021,2544,22101119,2022-03-27,LAL @ NOP,L,42,14,27,0.519,7,13,0.538,4,6,0.667,1,8,9,5,0,1,4,1,39,-9,1,0,0,34.0
22021,2544,22101160,2022-04-01,LAL vs. NOP,L,40,13,23,0.565,3,8,0.375,9,12,0.75,0,8,8,4,1,0,6,3,38,-2,1,0,1,37.8
22022,2544,22200095,2022-10-30,LAL vs. DEN,W,35,10,22,0.455,2,5,0.4,4,5,0.8,0,6,6,8,1,0,3,1,26,-1,1,1,1,24.8
22022,2544,22200117,2022-11-02,LAL vs. NOP,W,40,9,23,0.391,0,7,0.0,2,4,0.5,0,10,10,8,0,2,2,3,20,5,1,1,1,24.8
22022,2544,22200131,2022-11-04,LAL vs. UTA,L,34,7,19,0.368,0,5,0.0,3,5,0.6,2,8,10,8,0,1,3,3,17,-11,1,0,1,22.0
22022,2544,22200140,2022-11-06,LAL vs. CLE,L,34,13,23,0.565,1,4,0.25,0,3,0.0,2,5,7,4,0,0,1,0,27,-8,1,0,1,23.6
22022,2544,22200170,2022-11-09,LAL @ LAC,L,32,12,22,0.545,4,9,0.444,2,4,0.5,1,7,8,5,2,0,3,2,30,-17,1,0,0,24.0
22022,2544,22200282,2022-11-25,LAL @ SAS,W,33,8,17,0.471,1,4,0.25,4,4,1.0,0,8,8,5,3,1,9,2,21,16,1,1,0,23.0
22022,2544,22200288,2022-11-26,LAL @ SAS,W,35,11,21,0.524,7,12,0.583,10,10,1.0,0,11,11,3,1,1,4,3,39,-3,1,1,0,26.8
22022,2544,22200308,2022-11-28,LAL vs. IND,L,36,8,22,0.364,3,10,0.3,2,3,0.667,1,6,7,3,1,0,1,1,21,-7,1,0,1,27.6
22022,2544,22200324,2022-11-30,LAL vs. POR,W,33,12,18,0.667,6,8,0.75,1,3,0.333,2,5,7,8,0,1,2,1,31,8,1,1,1,28.4
22022,2544,22200331,2022-12-02,LAL @ MIL,W,37,12,27,0.444,3,6,0.5,1,2,0.5,1,7,8,11,2,0,0,2,28,6,1,1,0,28.0
22022,2544,22200349,2022-12-04,LAL @ WAS,W,34,12,26,0.462,2,7,0.286,3,4,0.75,1,7,8,6,1,0,5,3,29,13,1,1,0,29.6
22022,2544,22200360,2022-12-06,LAL @ CLE,L,36,8,17,0.471,2,6,0.333,3,4,0.75,4,13,17,4,1,1,3,0,21,-14,1,0,0,26.0
22022,2544,22200382,2022-12-09,LAL @ PHI,L,44,9,22,0.409,1,8,0.125,4,8,0.5,1,3,4,6,2,0,3,3,23,-10,1,0,0,26.4
22022,2544,22200396,2022-12-11,LAL @ DET,W,37,14,24,0.583,2,6,0.333,5,5,1.0,1,4,5,5,1,0,1,1,35,18,1,1,0,27.2
22022,2544,22200413,2022-12-13,LAL vs. BOS,L,43,14,25,0.56,3,11,0.273,2,4,0.5,0,9,9,9,2,1,4,4,33,10,1,0,1,28.2
22022,2544,22200437,2022-12-16,LAL vs. DEN,W,36,13,21,0.619,1,4,0.25,3,4,0.75,1,8,9,4,2,0,2,2,30,26,1,1,1,28.4
22022,2544,22200451,2022-12-18,LAL vs. WAS,W,37,13,24,0.542,1,4,0.25,6,8,0.75,1,6,7,9,0,1,0,0,33,10,1,1,1,30.8
22022,2544,22200475,2022-12-21,LAL @ SAC,L,34,11,21,0.524,0,4,0.0,9,10,0.9,0,6,6,11,0,2,2,0,31,-4,1,0,0,32.4
22022,2544,22200492,2022-12-23,LAL vs. CHA,L,34,15,23,0.652,4,8,0.5,0,2,0.0,0,2,2,8,1,0,3,2,34,-6,1,0,1,32.2
22022,2544,22200494,2022-12-25,LAL @ DAL,L,34,13,23,0.565,0,4,0.0,12,12,1.0,0,6,6,5,0,0,2,2,38,2,1,0,0,33.2
22022,2544,22200505,2022-12-27,LAL @ ORL,W,31,12,24,0.5,0,7,0.0,4,5,0.8,2,5,7,5,1,1,4,1,28,8,1,1,0,32.8
22022,2544,22200518,2022-12-28,LAL @ MIA,L,33,10,18,0.556,2,5,0.4,5,5,1.0,0,9,9,6,0,0,6,4,27,-4,1,0,0,31.6
22022,2544,22200530,2022-12-30,LAL @ ATL,W,40,18,27,0.667,4,6,0.667,7,9,0.778,2,8,10,9,0,1,5,0,47,12,1,1,0,34.8
22022,2544,22200551,2023-01-02,LAL @ CHA,W,40,16,26,0.615,0,5,0.0,11,15,0.733,0,11,11,6,1,0,3,1,43,9,1,1,0,36.6
22022,2544,22200590,2023-01-06,LAL vs. ATL,W,33,10,19,0.526,1,5,0.2,4,6,0.667,0,7,7,10,0,0,5,0,25,12,1,1,1,34.0
22022,2544,22200595,2023-01-07,LAL @ SAC,W,38,14,28,0.5,1,6,0.167,8,9,0.889,1,7,8,7,1,0,4,2,37,15,1,1,0,35.8
22022,2544,22200630,2023-01-12,LAL vs. DAL,L,47,9,28,0.321,0,7,0.0,6,10,0.6,6,10,16,9,2,0,3,0,24,-3,1,0,1,35.2
22022,2544,22200655,2023-01-15,LAL vs. PHI,L,35,15,23,0.652,1,5,0.2,4,5,0.8,0,8,8,10,1,1,3,1,35,19,1,0,1,32.8
22022,2544,22200664,2023-01-16,LAL vs. HOU,W,36,16,26,0.615,5,10,0.5,11,12,0.917,1,7,8,9,0,0,0,1,48,19,1,1,1,33.8
22022,2544,22200677,2023-01-18,LAL vs. SAC,L,37,11,25,0.44,2,9,0.222,8,9,0.889,0,8,8,9,1,1,1,0,32,-16,1,0,1,35.2
22022,2544,22200690,2023-01-20,LAL vs. MEM,W,37,8,21,0.381,1,5,0.2,6,7,0.857,2,7,9,6,2,2,3,4,23,9,1,1,1,32.4
22022,2544,22200705,2023-01-22,LAL @ POR,W,36,14,24,0.583,2,7,0.286,7,10,0.7,0,11,11,4,0,2,4,2,37,17,1,1,0,35.0
22022,2544,22200719,2023-01-24,LAL vs. LAC,L,33,16,29,0.552,9,14,0.643,5,5,1.0,1,7,8,7,2,1,0,0,46,-14,1,0,1,37.2
22022,2544,22200729,2023-01-25,LAL vs. SAS,W,35,8,20,0.4,1,6,0.167,3,4,0.75,1,8,9,11,0,0,6,0,20,2,1,1,1,31.6
22022,2544,22200749,2023-01-28,LAL @ BOS,L,44,15,30,0.5,6,12,0.5,5,6,0.833,1,8,9,8,0,0,2,2,41,2,1,0,0,33.4
22022,2544,22200765,2023-01-31,LAL @ NYK,W,43,11,25,0.44,2,8,0.25,4,7,0.571,1,9,10,11,1,0,5,2,28,22,1,1,0,34.4
22022,2544,22200778,2023-02-02,LAL @ IND,W,33,11,19,0.579,2,5,0.4,2,2,1.0,2,5,7,7,0,0,3,1,26,-4,1,1,0,32.2
22022,2544,22200798,2023-02-04,LAL @ NOP,L,40,10,22,0.455,1,7,0.143,6,9,0.667,0,9,9,6,0,0,2,2,27,-5,1,0,0,28.4
22022,2544,22200821,2023-02-07,LAL vs. OKC,L,34,13,20,0.65,4,6,0.667,8,10,0.8,0,7,7,3,3,0,4,3,38,8,1,0,1,32.0
22022,2544,22200882,2023-02-15,LAL vs. NOP,W,29,7,14,0.5,0,5,0.0,7,10,0.7,0,6,6,6,0,1,4,1,21,14,1,1,1,28.0
22022,2544,22200893,2023-02-23,LAL vs. GSW,W,26,5,20,0.25,2,6,0.333,1,2,0.5,3,6,9,8,0,0,2,2,13,22,1,1,1,25.0
22022,2544,22200913,2023-02-26,LAL @ DAL,W,37,10,23,0.435,1,6,0.167,5,7,0.714,3,5,8,3,1,1,3,4,26,0,1,1,0,25.0
22022,2544,22201114,2023-03-26,LAL vs. CHI,L,30,6,11,0.545,0,2,0.0,7,8,0.875,1,7,8,3,0,0,5,2,19,4,1,0,1,23.4
22022,2544,22201140,2023-03-29,LAL @ CHI,W,31,10,19,0.526,1,3,0.333,4,4,1.0,3,5,8,4,2,0,4,2,25,23,1,1,0,20.8
22022,2544,22201157,2023-03-31,LAL @ MIN,W,32,7,19,0.368,1,3,0.333,3,4,0.75,1,9,10,6,1,2,3,1,18,3,1,1,0,20.2
22022,2544,22201171,2023-04-02,LAL @ HOU,W,29,8,18,0.444,1,7,0.143,1,1,1.0,2,8,10,11,0,1,1,1,18,23,1,1,0,21.2
22022,2544,22201186,2023-04-04,LAL @ UTA,W,38,14,27,0.519,3,10,0.3,6,6,1.0,0,5,5,6,1,1,5,2,37,-7,1,1,0,23.4
22022,2544,22201196,2023-04-05,LAL @ LAC,L,35,13,20,0.65,4,6,0.667,3,5,0.6,0,8,8,7,1,1,6,0,33,-10,1,0,0,26.2
22022,2544,22201212,2023-04-07,LAL vs. PHX,W,29,6,19,0.316,3,7,0.429,1,2,0.5,0,6,6,6,0,0,5,1,16,11,1,1,1,24.4
22022,2544,22201228,2023-04-09,LAL vs. UTA,W,33,13,25,0.52,8,14,0.571,2,2,1.0,1,5,6,6,1,1,2,0,36,20,1,1,1,28.0
22023,2544,22300134,2023-11-04,LAL @ ORL,L,35,8,15,0.533,2,5,0.4,6,7,0.857,1,8,9,5,3,0,3,1,24,12,1,0,0,25.2
22023,2544,22300150,2023-11-06,LAL @ MIA,L,37,13,23,0.565,0,4,0.0,4,4,1.0,0,4,4,3,1,3,5,4,30,6,1,0,0,27.0
22023,2544,22300163,2023-11-08,LAL @ HOU,L,27,7,13,0.538,0,2,0.0,4,5,0.8,1,5,6,2,0,0,3,1,18,-24,1,0,0,25.2
22023,2544,22300015,2023-11-10,LAL @ PHX,W,36,11,17,0.647,3,4,0.75,7,11,0.636,1,10,11,6,1,1,4,1,32,2,1,1,0,27.8
22023,2544,22300026,2023-11-14,LAL vs. MEM,W,23,6,11,0.545,3,6,0.5,1,2,0.5,0,9,9,6,1,0,4,1,16,15,1,1,1,24.0
22023,2544,22300198,2023-11-15,LAL vs. SAC,L,35,9,15,0.6,3,7,0.429,7,8,0.875,2,8,10,12,4,1,6,1,28,0,1,0,1,24.8
22023,2544,22300036,2023-11-17,LAL @ POR,W,35,13,22,0.591,5,9,0.556,4,6,0.667,0,5,5,9,2,0,3,3,35,19,1,1,0,25.8
22023,2544,22300216,2023-11-19,LAL vs. HOU,W,40,14,19,0.737,2,5,0.4,7,9,0.778,1,5,6,8,3,0,2,0,37,2,1,1,1,29.6
22023,2544,22300042,2023-11-21,LAL vs. UTA,W,24,6,10,0.6,3,5,0.6,2,2,1.0,1,6,7,9,0,0,2,0,17,14,1,1,1,26.6
22023,2544,22300238,2023-11-22,LAL vs. DAL,L,36,9,19,0.474,4,9,0.444,4,7,0.571,2,7,9,7,0,0,3,0,26,7,1,0,1,28.6
22023,2544,22300242,2023-11-25,LAL @ CLE,W,36,8,23,0.348,1,9,0.111,5,7,0.714,1,5,6,6,2,2,4,1,22,2,1,1,0,27.4
22023,2544,22300255,2023-11-27,LAL @ PHI,L,30,8,12,0.667,1,1,1.0,1,2,0.5,0,0,0,5,1,1,1,0,18,-30,1,0,0,24.0
22023,2544,22300258,2023-11-29,LAL @ DET,W,29,9,19,0.474,2,6,0.333,5,5,1.0,2,6,8,3,0,0,1,0,25,26,1,1,0,21.6
22023,2544,22300271,2023-11-30,LAL @ OKC,L,35,7,12,0.583,4,8,0.5,3,4,0.75,2,10,12,6,1,1,5,1,21,-18,1,0,0,22.4
22023,2544,22300291,2023-12-02,LAL vs. HOU,W,35,7,17,0.412,0,4,0.0,2,5,0.4,0,4,4,7,1,1,5,0,16,16,1,1,1,20.4
22023,2544,22301203,2023-12-05,LAL vs. PHX,W,40,12,25,0.48,2,4,0.5,5,6,0.833,3,5,8,11,5,0,2,3,31,12,1,1,1,22.2
22023,2544,22301230,2023-12-07,LAL vs. NOP,W,23,9,12,0.75,4,4,1.0,8,8,1.0,0,5,5,8,0,0,0,1,30,36,1,1,1,24.6
22023,2544,22300306,2023-12-12,LAL @ DAL,L,40,14,27,0.519,3,8,0.375,2,3,0.667,2,6,8,9,3,1,4,1,33,-4,1,0,0,26.2
22023,2544,22300331,2023-12-15,LAL @ SAS,L,36,7,17,0.412,2,6,0.333,7,10,0.7,2,5,7,14,2,0,2,1,23,-28,1,0,0,26.6
22023,2544,22300359,2023-12-18,LAL vs. NYK,L,39,10,23,0.435,2,8,0.25,3,4,0.75,1,10,11,11,1,0,2,1,25,-13,1,0,1,28.4
22023,2544,22300370,2023-12-20,LAL @ CHI,L,37,10,18,0.556,1,3,0.333,4,4,1.0,2,8,10,9,1,2,5,0,25,-11,1,0,0,27.2
22023,2544,22300397,2023-12-23,LAL @ OKC,W,37,13,20,0.65,5,5,1.0,9,9,1.0,2,5,7,7,2,2,3,0,40,10,1,1,0,29.2
22023,2544,22300403,2023-12-25,LAL vs. BOS,L,37,5,14,0.357,1,2,0.5,5,6,0.833,0,9,9,8,0,0,3,1,16,-11,1,0,1,25.8
22023,2544,22300428,2023-12-28,LAL vs. CHA,W,25,7,13,0.538,2,5,0.4,1,1,1.0,0,4,4,11,0,0,3,0,17,1,1,1,1,24.6
22023,2544,22300443,2023-12-30,LAL @ MIN,L,39,10,21,0.476,1,4,0.25,5,7,0.714,0,3,3,6,3,1,1,2,26,-5,1,0,0,24.8
22023,2544,22300446,2023-12-31,LAL @ NOP,L,37,12,24,0.5,3,7,0.429,7,8,0.875,0,5,5,8,0,1,4,2,34,-11,1,0,0,26.6
22023,2544,22300475,2024-01-03,LAL vs. MIA,L,38,6,18,0.333,0,6,0.0,0,0,0.0,0,6,6,9,0,0,2,2,12,-20,1,0,1,21.0
22023,2544,22300491,2024-01-05,LAL vs. MEM,L,39,11,24,0.458,4,9,0.444,6,10,0.6,2,3,5,7,5,0,4,0,32,-8,1,0,1,24.2
22023,2544,22300505,2024-01-07,LAL vs. LAC,W,38,11,19,0.579,1,3,0.333,2,3,0.667,1,7,8,7,1,0,4,2,25,5,1,1,1,25.8
22023,2544,22300516,2024-01-09,LAL vs. TOR,W,35,8,17,0.471,2,5,0.4,4,6,0.667,0,5,5,12,1,1,3,0,22,0,1,1,1,25.0
22023,2544,22300531,2024-01-11,LAL vs. PHX,L,24,3,11,0.273,0,4,0.0,4,7,0.571,0,5,5,9,1,0,4,1,10,-25,1,0,1,20.2
22023,2544,22300565,2024-01-15,LAL vs. OKC,W,39,12,20,0.6,1,2,0.5,0,1,0.0,0,7,7,6,0,0,5,1,25,2,1,1,1,22.8
22023,2544,22300577,2024-01-17,LAL vs. DAL,W,33,10,19,0.526,3,7,0.429,2,2,1.0,1,7,8,8,1,0,3,1,25,20,1,1,1,21.4
22023,2544,22300591,2024-01-19,LAL vs. BKN,L,34,9,22,0.409,2,5,0.4,4,5,0.8,5,6,11,5,0,0,4,1,24,-13,1,0,1,21.2
22023,2544,22300605,2024-01-21,LAL vs. POR,W,31,8,16,0.5,3,8,0.375,9,10,0.9,0,5,5,5,0,0,3,2,28,28,1,1,1,22.4
22023,2544,22300633,2024-01-25,LAL vs. CHI,W,36,10,19,0.526,3,4,0.75,2,2,1.0,0,4,4,12,2,0,5,2,25,14,1,1,1,25.4
22023,2544,22300650,2024-01-27,LAL @ GSW,W,48,14,25,0.56,2,4,0.5,6,6,1.0,1,19,20,12,0,0,3,2,36,-6,1,1,0,27.6
22023,2544,22300662,2024-01-29,LAL @ HOU,L,37,9,15,0.6,2,5,0.4,3,8,0.375,0,6,6,10,1,1,1,4,23,-11,1,0,0,27.2
22023,2544,22300669,2024-01-30,LAL @ ATL,L,36,7,17,0.412,2,6,0.333,4,9,0.444,2,7,9,8,1,1,3,1,20,-6,1,0,0,26.4
22023,2544,22300701,2024-02-03,LAL @ NYK,W,40,10,19,0.526,2,5,0.4,2,2,1.0,1,4,5,5,2,1,1,1,24,11,1,1,0,25.6
22023,2544,22300713,2024-02-05,LAL @ CHA,W,40,12,22,0.545,0,5,0.0,2,3,0.667,0,4,4,7,1,1,4,2,26,2,1,1,0,25.8
22023,2544,22300740,2024-02-08,LAL vs. DEN,L,35,9,20,0.45,2,6,0.333,5,5,1.0,1,8,9,7,1,1,2,0,25,-6,1,0,1,23.6
22023,2544,22300747,2024-02-09,LAL vs. NOP,W,38,6,13,0.462,2,2,1.0,7,8,0.875,1,3,4,14,1,1,2,2,21,15,1,1,1,23.2
22023,2544,22300776,2024-02-13,LAL vs. DET,W,31,9,15,0.6,3,6,0.5,4,4,1.0,0,1,1,8,0,0,4,0,25,9,1,1,1,24.2
22023,2544,22300813,2024-02-23,LAL vs. SAS,W,34,13,22,0.591,2,3,0.667,2,2,1.0,1,6,7,9,1,0,2,0,30,21,1,1,1,25.4
22023,2544,22300818,2024-02-25,LAL @ PHX,L,37,12,19,0.632,3,6,0.5,1,4,0.25,1,6,7,12,2,1,3,3,28,-8,1,0,0,25.8
22023,2544,22300848,2024-02-28,LAL @ LAC,W,37,13,21,0.619,7,12,0.583,1,1,1.0,1,5,6,8,0,2,3,2,34,11,1,1,0,27.6
22023,2544,22300856,2024-02-29,LAL vs. WAS,W,39,12,24,0.5,2,5,0.4,5,7,0.714,0,4,4,9,1,1,4,1,31,-5,1,1,1,29.6
22023,2544,22300869,2024-03-02,LAL vs. DEN,L,37,12,20,0.6,2,5,0.4,0,2,0.0,0,4,4,9,3,0,3,1,26,-1,1,0,1,29.8
22023,2544,22300884,2024-03-04,LAL vs. OKC,W,31,7,14,0.5,1,3,0.333,4,5,0.8,1,10,11,8,1,0,3,1,19,14,1,1,1,27.6
22023,2544,22300901,2024-03-06,LAL vs. SAC,L,36,10,16,0.625,1,4,0.25,10,10,1.0,0,5,5,13,1,0,3,0,31,-3,1,0,1,28.2
22023,2544,22300932,2024-03-10,LAL vs. MIN,W,38,10,16,0.625,2,4,0.5,7,9,0.778,0,8,8,9,0,0,4,1,29,14,1,1,1,27.2
22023,2544,22300954,2024-03-13,LAL @ SAC,L,40,6,16,0.375,2,8,0.25,4,6,0.667,1,12,13,9,2,0,5,3,18,-10,1,0,0,24.6
22023,2544,22300973,2024-03-16,LAL vs. GSW,L,38,15,23,0.652,3,5,0.6,7,8,0.875,3,5,8,9,1,1,4,1,40,-6,1,0,1,27.4
22023,2544,22300990,2024-03-18,LAL vs. ATL,W,29,10,14,0.714,2,5,0.4,3,3,1.0,0,7,7,10,0,0,2,0,25,20,1,1,1,28.6
22023,2544,22301018,2024-03-22,LAL vs. PHI,W,38,7,15,0.467,1,3,0.333,5,7,0.714,0,8,8,6,0,1,8,1,20,7,1,1,1,26.4
22023,2544,22301032,2024-03-24,LAL vs. IND,W,38,8,19,0.421,2,4,0.5,8,8,1.0,1,4,5,10,1,1,3,1,26,12,1,1,1,25.8
22023,2544,22301055,2024-03-27,LAL @ MEM,W,35,8,14,0.571,0,1,0.0,7,11,0.636,0,14,14,12,1,0,4,1,23,33,1,1,0,26.8
22023,2544,22301063,2024-03-29,LAL @ IND,L,35,6,12,0.5,0,3,0.0,4,4,1.0,1,9,10,8,0,0,5,1,16,-13,1,0,0,22.0
22023,2544,22301078,2024-03-31,LAL @ BKN,W,37,13,17,0.765,9,10,0.9,5,6,0.833,1,6,7,5,0,0,4,0,40,22,1,1,0,25.0
22023,2544,22301094,2024-04-02,LAL @ TOR,W,29,10,12,0.833,1,1,1.0,2,5,0.4,0,4,4,9,0,0,1,0,23,13,1,1,0,25.6
22023,2544,22301103,2024-04-03,LAL @ WAS,W,36,9,18,0.5,0,1,0.0,7,9,0.778,2,5,7,9,3,0,4,2,25,9,1,1,0,25.4
22023,2544,22301127,2024-04-06,LAL vs. CLE,W,36,10,18,0.556,1,5,0.2,3,5,0.6,0,5,5,12,1,1,5,1,24,10,1,1,1,25.6
22023,2544,22301155,2024-04-09,LAL vs. GSW,L,36,14,22,0.636,1,3,0.333,4,5,0.8,1,6,7,11,2,0,4,0,33,-6,1,0,1,29.0
22023,2544,22301177,2024-04-12,LAL @ MEM,W,41,13,20,0.65,3,7,0.429,8,11,0.727,2,7,9,5,2,0,8,1,37,-3,1,1,0,28.4
22023,2544,22301195,2024-04-14,LAL @ NOP,W,38,11,20,0.55,0,2,0.0,6,6,1.0,2,9,11,17,5,1,4,0,28,19,1,1,0,29.4
22024,2544,22400137,2024-11-01,LAL @ TOR,W,36,9,17,0.529,5,8,0.625,4,6,0.667,0,6,6,10,1,0,0,1,27,11,1,1,0,23.4
22024,2544,22400156,2024-11-04,LAL @ DET,L,40,7,16,0.438,1,2,0.5,5,5,1.0,1,7,8,11,2,0,1,1,20,-16,1,0,0,23.2
22024,2544,22400174,2024-11-06,LAL @ MEM,L,35,15,24,0.625,6,11,0.545,3,4,0.75,0,7,7,6,1,0,5,2,39,-21,1,0,0,24.6
22024,2544,22400195,2024-11-08,LAL vs. PHI,W,34,9,14,0.643,2,4,0.5,1,1,1.0,0,12,12,13,0,3,2,0,21,12,1,1,1,26.6
22024,2544,22400211,2024-11-10,LAL vs. TOR,W,35,6,14,0.429,0,3,0.0,7,7,1.0,2,8,10,16,1,0,3,0,19,13,1,1,1,25.2
22024,2544,22400225,2024-11-13,LAL vs. MEM,W,37,13,22,0.591,4,7,0.571,5,8,0.625,1,11,12,14,1,0,6,2,35,3,1,1,1,26.8
22024,2544,22400015,2024-11-15,LAL @ SAS,W,38,6,12,0.5,1,4,0.25,2,4,0.5,1,15,16,12,1,0,7,0,15,3,1,1,0,25.8
22024,2544,22400231,2024-11-16,LAL @ NOP,W,37,8,19,0.421,2,7,0.286,3,5,0.6,4,3,7,5,1,0,6,1,21,1,1,1,0,22.2
22024,2544,22400026,2024-11-19,LAL vs. UTA,W,34,9,17,0.529,1,5,0.2,7,11,0.636,0,2,2,12,0,0,4,1,26,-5,1,1,1,23.2
22024,2544,22400263,2024-11-21,LAL vs. ORL,L,37,12,22,0.545,5,9,0.556,2,4,0.5,2,8,10,7,0,1,4,0,31,-8,1,0,1,25.6
22024,2544,22400270,2024-11-23,LAL vs. DEN,L,35,7,17,0.412,1,4,0.25,3,3,1.0,0,6,6,7,3,0,6,3,18,-25,1,0,1,22.2
22024,2544,22400039,2024-11-26,LAL @ PHX,L,35,7,16,0.438,2,7,0.286,2,2,1.0,1,7,8,10,0,0,5,0,18,-30,1,0,0,22.8
22024,2544,22400296,2024-11-27,LAL @ SAS,W,33,8,18,0.444,0,2,0.0,0,0,0.0,3,7,10,11,1,1,5,0,16,4,1,1,0,21.8
22024,2544,22400048,2024-11-29,LAL vs. OKC,L,34,5,13,0.385,0,4,0.0,2,2,1.0,0,8,8,6,0,0,5,0,12,-12,1,0,1,19.0
22024,2544,22400311,2024-12-01,LAL @ UTA,W,36,12,28,0.429,0,9,0.0,3,3,1.0,1,4,5,14,0,2,3,1,27,0,1,1,0,18.2
22024,2544,22400318,2024-12-02,LAL @ MIN,L,31,4,16,0.25,0,4,0.0,2,4,0.5,3,5,8,4,0,0,6,1,10,-28,1,0,0,16.6
22024,2544,22400321,2024-12-04,LAL @ MIA,L,29,12,18,0.667,1,4,0.25,4,4,1.0,1,4,5,8,1,0,5,2,29,-21,1,0,0,18.8
22024,2544,22400334,2024-12-06,LAL @ ATL,L,43,14,25,0.56,6,11,0.545,5,6,0.833,0,10,10,11,2,3,4,3,39,3,1,0,0,23.4
22024,2544,22401220,2024-12-15,LAL vs. MEM,W,34,7,17,0.412,3,6,0.5,1,4,0.25,4,4,8,8,1,2,5,2,18,0,1,1,1,24.6
22024,2544,22400372,2024-12-19,LAL @ SAC,W,34,8,21,0.381,1,4,0.25,2,2,1.0,0,6,6,7,0,1,2,1,19,13,1,1,0,23.0
22024,2544,22400376,2024-12-21,LAL @ SAC,W,34,13,24,0.542,1,8,0.125,5,6,0.833,0,7,7,6,4,0,4,2,32,10,1,1,0,27.4
22024,2544,22400404,2024-12-23,LAL vs. DET,L,35,10,16,0.625,2,4,0.5,6,7,0.857,2,9,11,11,0,0,2,1,28,-1,1,0,1,27.2
22024,2544,22400408,2024-12-25,LAL @ GSW,W,37,12,22,0.545,2,4,0.5,5,5,1.0,0,4,4,10,2,1,1,3,31,4,1,1,0,25.6
22024,2544,22400454,2024-12-31,LAL vs. CLE,L,34,9,17,0.529,3,6,0.5,2,2,1.0,0,4,4,7,0,1,2,1,23,-11,1,0,1,26.6
22024,2544,22400468,2025-01-02,LAL vs. POR,W,36,15,25,0.6,7,10,0.7,1,2,0.5,1,2,3,8,0,0,4,1,38,4,1,1,1,30.4
22024,2544,22400477,2025-01-03,LAL vs. ATL,W,30,13,20,0.65,2,5,0.4,2,2,1.0,0,3,3,8,0,0,3,3,30,4,1,1,1,30.0
22024,2544,22400491,2025-01-05,LAL @ HOU,L,36,8,16,0.5,4,7,0.571,1,2,0.5,1,12,13,9,1,0,2,4,21,-13,1,0,0,28.6
22024,2544,22400504,2025-01-07,LAL @ DAL,L,35,6,12,0.5,1,4,0.25,5,6,0.833,0,10,10,8,1,0,2,0,18,-12,1,0,0,26.0
22024,2544,22400552,2025-01-13,LAL vs. SAS,L,32,7,11,0.636,2,3,0.667,2,4,0.5,1,4,5,8,1,1,7,3,18,-15,1,0,1,25.0
22024,2544,22400570,2025-01-15,LAL vs. MIA,W,38,9,15,0.6,3,6,0.5,1,2,0.5,1,4,5,9,2,0,2,0,22,14,1,1,1,21.8
22024,2544,22400585,2025-01-17,LAL vs. BKN,W,35,12,17,0.706,4,6,0.667,1,2,0.5,1,6,7,8,1,2,5,2,29,-11,1,1,1,21.6
22024,2544,22400596,2025-01-19,LAL @ LAC,L,35,9,20,0.45,2,6,0.333,5,6,0.833,2,3,5,11,3,1,5,3,25,-3,1,0,0,22.4
22024,2544,22400610,2025-01-21,LAL vs. WAS,W,36,8,18,0.444,2,6,0.333,3,3,1.0,0,10,10,13,2,1,5,0,21,19,1,1,1,23.0
22024,2544,22400629,2025-01-23,LAL vs. BOS,W,31,9,20,0.45,0,2,0.0,2,2,1.0,3,11,14,6,0,0,2,0,20,7,1,1,1,23.4
22024,2544,22400644,2025-01-25,LAL @ GSW,W,35,12,25,0.48,0,1,0.0,1,2,0.5,1,4,5,12,1,0,3,0,25,11,1,1,0,24.0
22024,2544,22400648,2025-01-27,LAL @ CHA,W,36,9,17,0.529,1,8,0.125,3,5,0.6,0,7,7,8,0,0,5,0,22,-1,1,1,0,22.6
22024,2544,22400660,2025-01-28,LAL @ PHI,L,33,10,16,0.625,1,4,0.25,10,11,0.909,1,7,8,9,1,0,8,1,31,-11,1,0,0,23.8
22024,2544,22400674,2025-01-30,LAL @ WAS,W,27,9,19,0.474,1,4,0.25,5,5,1.0,0,3,3,11,0,0,0,1,24,29,1,1,0,24.4
22024,2544,22400692,2025-02-01,LAL @ NYK,W,37,14,26,0.538,3,8,0.375,2,4,0.5,0,11,11,12,0,0,5,3,33,12,1,1,0,27.0
22024,2544,22400715,2025-02-04,LAL @ LAC,W,31,8,13,0.615,2,4,0.5,8,11,0.727,0,8,8,9,3,0,3,4,26,19,1,1,0,27.2
22024,2544,22400731,2025-02-06,LAL vs. GSW,W,38,14,25,0.56,6,9,0.667,8,10,0.8,1,16,17,8,1,1,3,1,42,7,1,1,1,31.2
22024,2544,22400768,2025-02-10,LAL vs. UTA,W,29,10,17,0.588,3,7,0.429,1,2,0.5,1,6,7,8,1,0,7,2,24,24,1,1,1,29.8
22024,2544,22400781,2025-02-12,LAL @ UTA,L,34,6,13,0.462,4,8,0.5,2,4,0.5,1,5,6,7,1,0,3,3,18,-10,1,0,0,28.6
22024,2544,22400524,2025-02-19,LAL vs. CHA,,9,3,4,0.75,2,2,1.0,0,0,0.0,0,2,2,1,1,0,0,0,8,10,0,0,1,23.6
